url,http_status,bytes,sha256
https://www.football-data.co.uk/notes.txt,200,7686,6ecd41a98ad2751372817e7e6f1709bfeb433c53dd9aeda330fd926a5471452d
https://www.football-data.co.uk/englandm.php,200,63009,92e44fa891fec68dce91a9ae06b86b502d508248b9bb18a86d391df74cd889e5
https://www.football-data.co.uk/fixtures.csv,200,13669,c8233feb5fce0a5c9e7d791425d0638c7c759b3c24322353503d19796065303d
https://www.football-data.co.uk/disclaimer.php,200,34523,5fb5f1b82624a7bdab613d02e7c62b9468516ffe7421901a1e15c2307d3255a5
https://www.football-data.co.uk/mmz4281/0001/E0.csv,200,62076,e2a73bae006d9724b5343d3735a61f11d258955477e3d87b68346d017edaf46b
https://www.football-data.co.uk/mmz4281/0102/E0.csv,200,66230,7a2e26a1a64de18d3b8fd47bca5329613db7b902ea19159817f8285859a1b981
https://www.football-data.co.uk/mmz4281/0203/E0.csv,200,72322,32cb2daf8b3a121ad61601506e855a47f646df97252efed1ef83ffa1883c32a1
https://www.football-data.co.uk/mmz4281/0304/E0.csv,200,85438,29daeb6ded985034f4cce391e476cf2639e9cff78ad8bf9792794b06de346464
https://www.football-data.co.uk/mmz4281/0405/E0.csv,200,85894,85241d09c572dfdf0f03817ceebd9a07d113fd45b7dead1ab6e5a329fd920b2c
https://www.football-data.co.uk/mmz4281/0506/E0.csv,200,102129,b497db70d969f2370f1b09d354ca23880e62f0e9b9a641b02591c40b22ab7971
https://www.football-data.co.uk/mmz4281/0607/E0.csv,200,102043,947b2c56da7837ccd0d31fa65cf7bca7b78851ce32f7b820c98da0e9d8ee5ca8
https://www.football-data.co.uk/mmz4281/0708/E0.csv,200,105683,5945e40bef4334a98f73e71b2e3fa9d075c2c2205d96eb611a1ae8e98511d7f2
https://www.football-data.co.uk/mmz4281/0809/E0.csv,200,106205,b78dcd1c522feafb44bcce1c459eb09911618460787cfe9ab478b2957c7ae294
https://www.football-data.co.uk/mmz4281/0910/E0.csv,200,105752,e8349af783aa262dddb1dbb84de088c15bf43e4fae85f6da4ec30a5c4d62c324
https://www.football-data.co.uk/mmz4281/1011/E0.csv,200,106586,8f5d37651aca8498d8041088835e3a734b79e2fcc34f66ca8516c650970810ce
https://www.football-data.co.uk/mmz4281/1112/E0.csv,200,106303,6cdb9963c311ca2e7d07eb429df721a2593cbd9c9fec55b9af82bca1a457b987
https://www.football-data.co.uk/mmz4281/1213/E0.csv,200,113085,1df561d34a9b79ff8cb1fccd4fd279d183e74cd871063a307ecf18f01e0d622f
https://www.football-data.co.uk/mmz4281/1314/E0.csv,200,103642,3cf16078fde2e0e6c6cb07ebdb20ca98d1a755c9508a18bbeb4ad6837fad2b42
https://www.football-data.co.uk/mmz4281/1415/E0.csv,200,100899,76b7858051ff6b17f46f49f26fdc70c1f29537270492606f5cc63d67fad5d149
https://www.football-data.co.uk/mmz4281/1516/E0.csv,200,100656,bd3502a18c38a1597fd9af62e2366b4015006d3528dd4d18b311bd6237bbc085
https://www.football-data.co.uk/mmz4281/1617/E0.csv,200,99990,9625a7652b5f98fbd3e2e4d378c851fc246693f3343e34a72428d5b6e864d3e0
https://www.football-data.co.uk/mmz4281/1718/E0.csv,200,100734,4f3389365ef3f7ac966764ed8ba67cf3b79f5aebed18dd224099c4b2c98bc67b
https://www.football-data.co.uk/mmz4281/1819/E0.csv,200,96144,7c096b3c2ecd54c6993d22eeea73450c2bde11e3457238b226b8f43c62dfc35e
https://www.football-data.co.uk/mmz4281/1920/E0.csv,200,175475,100037618b94f94057400bb02bf6bac4ef74ddaa58cde4b38370839c39caee61
https://www.football-data.co.uk/mmz4281/2021/E0.csv,200,175815,5afe63f69401457b8354eaacee24f9a3e520b3c3af6329564a9783e20d789c62
https://www.football-data.co.uk/mmz4281/2122/E0.csv,200,175363,335afcbabeb2939fa10ab39ba3e8215072d0b577cb8d0705c1e44c56e934e703
https://www.football-data.co.uk/mmz4281/2223/E0.csv,200,176180,8442792d3b614c94ea3cf381bd2736805889cc1713169035368fff19c3d02380
https://www.football-data.co.uk/mmz4281/2324/E0.csv,200,172196,b2e057b0ed959f198b0f63d2391c01239f3608e6de5db68edab3f88e04d07ff3
https://www.football-data.co.uk/mmz4281/2425/E0.csv,200,197110,d0c8ce4a96d886cf60cf101f570f4a3893844226f91c7bd769eb568c49edbfa4
https://www.football-data.co.uk/mmz4281/2526/E0.csv,200,203438,3e3a8352f9ada6789c508d6ca184424421fed56a30400904a4a327c583407e62
https://www.football-data.co.uk/mmz4281/2627/E0.csv,200,24803,8e21d4821be776332f3504f55f85b4277f326f03513b2c7501fbdedf92b8b1a2
https://fixturedownload.com/,200,271121,2803eea58ae73e7992e6de7d5c4a094ac34938182b82000c4b6c155ca8d36005
https://fixturedownload.com/feed/json/epl-2026,200,80534,2d8385ffeebdf1d290f16502beaac89b74a07b511c5af22c4610f9532cd068fa
https://fixturedownload.com/download/epl-2026-UTC.csv,200,23528,ec351a381be94d92576ecb2d49ad6de07fe4c1ac2c9d9c685142051b321eede6
